Time,LandAverageTemperature,LandAverageTemperatureUncertainty
1801-01-01,2.6870000000000003,1.922
1801-02-01,3.149,2.045
1801-03-01,6.455,1.336
1801-04-01,7.404,1.619
1801-05-01,12.123,1.541
1801-06-01,12.536,0.877
1801-07-01,14.675999999999998,1.56
1801-08-01,13.187,1.223
1801-09-01,11.462,1.384
1801-10-01,9.099,1.267
1801-11-01,5.72,1.681
1801-12-01,4.577999999999999,2.525
1802-01-01,3.74,1.905
1802-02-01,2.8280000000000003,2.053
1802-03-01,5.2010000000000005,2.7060000000000004
1802-04-01,7.622999999999998,1.464
1802-05-01,10.457,1.82
1802-06-01,14.470999999999998,1.253
1802-07-01,14.628,1.155
1802-08-01,14.039,1.586
1802-09-01,11.787999999999998,2.141
1802-10-01,9.747,1.612
1802-11-01,5.535,2.146
1802-12-01,2.881,2.347
1803-01-01,0.6019999999999999,2.026
1803-02-01,1.443,2.887
1803-03-01,4.875,2.061
1803-04-01,9.291,1.914
1803-05-01,11.795,0.898
1803-06-01,13.821,0.7659999999999999
1803-07-01,15.106,0.944
1803-08-01,15.366,1.252
1803-09-01,12.33,1.259
1803-10-01,9.119,1.479
1803-11-01,5.961,1.843
1803-12-01,2.327,2.269
1804-01-01,2.4450000000000003,2.6830000000000003
1804-02-01,1.939,2.293
1804-03-01,4.425,2.186
1804-04-01,10.057,1.117
1804-05-01,12.107,1.274
1804-06-01,13.774,1.58
1804-07-01,15.774,1.318
1804-08-01,14.511,1.08
1804-09-01,12.468,2.644
1804-10-01,9.282,1.231
1804-11-01,7.132000000000001,2.099
1804-12-01,2.224,2.597
1805-01-01,2.822,2.512
1805-02-01,2.557,2.455
1805-03-01,5.76,1.4980000000000002
1805-04-01,8.123,1.291
1805-05-01,11.104,1.216
1805-06-01,14.027,1.368
1805-07-01,14.702,1.151
1805-08-01,15.27,1.021
1805-09-01,12.039,1.831
1805-10-01,7.635999999999999,1.6030000000000002
1805-11-01,4.555,2.399
1805-12-01,4.158,1.922
1806-01-01,2.9170000000000003,2.167
1806-02-01,2.937,2.079
1806-03-01,4.691,1.557
1806-04-01,8.032,1.7719999999999998
1806-05-01,11.503,1.426
1806-06-01,12.418,0.8370000000000001
1806-07-01,13.923,1.505
1806-08-01,14.593,1.361
1806-09-01,12.549,1.753
1806-10-01,8.426,1.113
1806-11-01,5.231,1.5419999999999998
1806-12-01,3.989,1.729
1807-01-01,1.0550000000000002,2.393
1807-02-01,4.093999999999999,2.677
1807-03-01,4.788,2.253
1807-04-01,6.970999999999999,1.26
1807-05-01,9.331,0.93
1807-06-01,13.293,1.271
1807-07-01,14.138,1.605
1807-08-01,13.799,1.525
1807-09-01,12.614999999999998,1.18
1807-10-01,8.857000000000001,1.193
1807-11-01,6.015,1.588
1807-12-01,4.420999999999999,1.232
1808-01-01,1.131,4.1110000000000015
1808-02-01,2.142,2.175
1808-03-01,4.361000000000001,3.02
1808-04-01,7.481999999999998,1.459
1808-05-01,9.357,2.068
1808-06-01,13.428999999999998,1.585
1808-07-01,14.491,1.676
1808-08-01,13.047,1.227
1808-09-01,12.711,1.6880000000000002
1808-10-01,7.971999999999999,1.48
1808-11-01,4.5120000000000005,1.7719999999999998
1808-12-01,0.887,1.7009999999999998
1809-01-01,0.2080000000000001,2.59
1809-02-01,0.8559999999999999,2.818
1809-03-01,3.425,1.666
1809-04-01,7.832999999999998,2.498
1809-05-01,9.243,1.304
1809-06-01,12.998,1.348
1809-07-01,12.656,1.481
1809-08-01,12.905,1.6669999999999998
1809-09-01,10.967,1.633
1809-10-01,8.65,3.554
1809-11-01,3.099,2.478
1809-12-01,2.077,2.588
1810-01-01,0.8880000000000001,3.258
1810-02-01,2.391,2.403
1810-03-01,5.013999999999999,4.457
1810-04-01,6.533,2.229
1810-05-01,9.069,1.907
1810-06-01,11.934,2.281
1810-07-01,12.550999999999998,2.016
1810-08-01,12.041,1.212
1810-09-01,9.532,1.247
1810-10-01,6.632000000000001,1.989
1810-11-01,3.827,2.64
1810-12-01,2.66,2.093
1811-01-01,1.374,2.323
1811-02-01,0.4500000000000002,3.475
1811-03-01,3.701,1.808
1811-04-01,6.3020000000000005,1.422
1811-05-01,9.443,1.663
1811-06-01,12.137,1.706
1811-07-01,11.956,1.383
1811-08-01,13.326,2.289
1811-09-01,10.368,1.931
1811-10-01,6.58,2.863
1811-11-01,3.503,1.802
1811-12-01,3.174,2.484
1812-01-01,0.977,4.545
1812-02-01,0.1310000000000002,3.062
1812-03-01,2.044,1.805
1812-04-01,6.949999999999998,1.984
1812-05-01,9.579999999999998,1.279
1812-06-01,12.005,1.1740000000000002
1812-07-01,14.355,1.463
1812-08-01,15.018,1.746
1812-09-01,10.185,2.052
1812-10-01,7.593,1.793
1812-11-01,4.369,2.585
1812-12-01,1.348,2.139
1813-01-01,-1.3849999999999998,2.191
1813-02-01,2.258,1.958
1813-03-01,1.596,1.622
1813-04-01,8.181999999999999,1.486
1813-05-01,11.367,3.826
1813-06-01,13.242,1.138
1813-07-01,14.521,0.877
1813-08-01,13.097,0.995
1813-09-01,12.339,1.743
1813-10-01,8.666,1.565
1813-11-01,6.825,1.315
1813-12-01,2.171,1.79
1814-01-01,1.5020000000000002,2.622
1814-02-01,1.689,2.121
1814-03-01,2.664,2.259
1814-04-01,7.193,1.5
1814-05-01,9.417,2.321
1814-06-01,12.818,0.989
1814-07-01,12.532,1.852
1814-08-01,12.668,1.453
1814-09-01,10.675999999999998,1.332
1814-10-01,7.374,1.847
1814-11-01,6.739,3.428
1814-12-01,5.8290000000000015,4.298
1815-01-01,2.051,2.033
1815-02-01,2.273,2.386
1815-03-01,3.663,2.3280000000000003
1815-04-01,6.587999999999999,2.341
1815-05-01,9.845,1.812
1815-06-01,11.162,1.242
1815-07-01,14.394,2.371
1815-08-01,13.209,1.348
1815-09-01,11.151,1.503
1815-10-01,7.1370000000000005,2.295
1815-11-01,4.178,1.732
1815-12-01,1.2209999999999996,2.207
1816-01-01,2.737,2.724
1816-02-01,0.6759999999999997,2.947
1816-03-01,3.905,1.928
1816-04-01,7.606,2.129
1816-05-01,10.594,1.804
1816-06-01,11.79,1.087
1816-07-01,12.267,1.538
1816-08-01,12.57,1.257
1816-09-01,10.39,0.7070000000000001
1816-10-01,5.699,3.583
1816-11-01,4.058,3.81
1816-12-01,0.9580000000000002,2.801
1817-01-01,1.54,2.451
1817-02-01,3.649,2.547
1817-03-01,4.569,2.153
1817-04-01,7.8889999999999985,1.836
1817-05-01,9.476,1.394
1817-06-01,11.287,1.25
1817-07-01,12.072,1.057
1817-08-01,13.403,1.307
1817-09-01,8.812000000000001,1.178
1817-10-01,6.202999999999999,1.963
1817-11-01,4.638,1.6909999999999998
1817-12-01,0.1699999999999999,1.673
1818-01-01,1.2040000000000002,1.775
1818-02-01,0.7549999999999999,1.912
1818-03-01,5.565,2.177
1818-04-01,9.901,2.662
1818-05-01,11.247,1.457
1818-06-01,13.825,2.26
1818-07-01,13.51,1.9
1818-08-01,13.166,0.996
1818-09-01,10.578,1.063
1818-10-01,6.654,1.704
1818-11-01,5.035,2.807
1818-12-01,2.507,1.236
1819-01-01,1.0140000000000002,1.984
1819-02-01,2.286,1.995
1819-03-01,2.931,2.93
1819-04-01,7.029,1.344
1819-05-01,9.851,1.112
1819-06-01,12.526,1.539
1819-07-01,13.038,1.17
1819-08-01,12.557,1.124
1819-09-01,10.893999999999998,1.052
1819-10-01,9.312,1.223
1819-11-01,5.15,1.6269999999999998
1819-12-01,1.842,1.883
1820-01-01,1.236,3.9
1820-02-01,2.145,2.004
1820-03-01,4.618,1.945
1820-04-01,8.7,1.168
1820-05-01,11.62,1.256
1820-06-01,13.323,0.912
1820-07-01,13.311,1.375
1820-08-01,11.978,1.317
1820-09-01,11.16,1.176
1820-10-01,7.587999999999999,1.605
1820-11-01,4.4430000000000005,1.074
1820-12-01,1.273,1.693
1821-01-01,2.999,1.5490000000000002
1821-02-01,3.758,2.018
1821-03-01,5.462000000000001,1.275
1821-04-01,7.738999999999999,0.858
1821-05-01,11.3,1.392
1821-06-01,12.608,1.4240000000000002
1821-07-01,13.039,1.289
1821-08-01,13.145,1.482
1821-09-01,10.178,1.219
1821-10-01,8.535,0.924
1821-11-01,5.601,1.802
1821-12-01,2.717,1.278
1822-01-01,2.759,2.416
1822-02-01,4.465,1.83
1822-03-01,7.787000000000001,2.016
1822-04-01,8.277999999999999,1.295
1822-05-01,10.486,1.159
1822-06-01,13.067,0.899
1822-07-01,14.212,1.068
1822-08-01,13.215,0.8959999999999999
1822-09-01,10.695,0.8690000000000001
1822-10-01,7.773999999999999,1.163
1822-11-01,4.501,1.345
1822-12-01,1.0210000000000004,1.547
1823-01-01,1.758,1.796
1823-02-01,1.966,1.93
1823-03-01,5.0680000000000005,1.192
1823-04-01,7.664999999999999,1.6769999999999998
1823-05-01,10.563,0.922
1823-06-01,13.958,1.125
1823-07-01,14.197,1.026
1823-08-01,13.13,0.6940000000000001
1823-09-01,10.198,1.083
1823-10-01,7.641999999999999,1.24
1823-11-01,4.508,2.079
1823-12-01,1.971,1.5830000000000002
1824-01-01,2.651,1.432
1824-02-01,2.679,1.784
1824-03-01,5.357,1.355
1824-04-01,8.375,1.288
1824-05-01,11.132,1.136
1824-06-01,13.427,1.953
1824-07-01,14.83,2.158
1824-08-01,13.437,0.924
1824-09-01,11.528,1.557
1824-10-01,8.197000000000001,0.774
1824-11-01,5.877000000000001,1.199
1824-12-01,5.0760000000000005,1.814
1825-01-01,3.213,1.913
1825-02-01,3.092,1.479
1825-03-01,5.365,1.646
1825-04-01,8.988,1.964
1825-05-01,10.751,1.325
1825-06-01,13.765,1.0490000000000002
1825-07-01,14.007,1.163
1825-08-01,13.269,1.335
1825-09-01,11.148,0.978
1825-10-01,7.978999999999999,1.261
1825-11-01,6.058,2.412
1825-12-01,3.037,1.569
1826-01-01,1.893,1.68
1826-02-01,1.533,1.619
1826-03-01,4.888,1.669
1826-04-01,8.402999999999999,2.204
1826-05-01,11.803999999999998,0.826
1826-06-01,13.02,1.539
1826-07-01,14.482,1.134
1826-08-01,13.109000000000002,1.511
1826-09-01,11.178,1.779
1826-10-01,8.459,1.789
1826-11-01,6.634,1.145
1826-12-01,4.876,1.82
1827-01-01,3.593,2.3280000000000003
1827-02-01,4.415,1.952
1827-03-01,6.141,1.356
1827-04-01,9.428999999999998,2.669
1827-05-01,11.807,1.393
1827-06-01,13.548,1.228
1827-07-01,14.684,0.662
1827-08-01,13.694,0.79
1827-09-01,10.883,0.66
1827-10-01,8.51,1.222
1827-11-01,6.279,1.236
1827-12-01,2.722,1.827
1828-01-01,0.5950000000000002,2.036
1828-02-01,1.853,2.002
1828-03-01,5.729,1.871
1828-04-01,8.737,1.471
1828-05-01,11.281,1.412
1828-06-01,14.124,1.081
1828-07-01,14.384,1.753
1828-08-01,13.635,0.975
1828-09-01,10.079999999999998,1.078
1828-10-01,8.655999999999999,1.832
1828-11-01,5.957000000000001,1.765
1828-12-01,2.9530000000000003,2.505
1829-01-01,2.032,1.931
1829-02-01,1.715,1.959
1829-03-01,5.061,1.294
1829-04-01,7.814999999999999,1.0
1829-05-01,11.336,1.123
1829-06-01,12.86,1.3119999999999998
1829-07-01,14.225,0.912
1829-08-01,13.399,0.86
1829-09-01,10.598,0.7759999999999999
1829-10-01,8.806000000000001,1.3119999999999998
1829-11-01,5.003,1.449
1829-12-01,2.452,1.909
1830-01-01,2.9570000000000003,2.346
1830-02-01,4.085,1.896
1830-03-01,4.4540000000000015,1.369
1830-04-01,8.841000000000001,1.098
1830-05-01,10.202,1.01
1830-06-01,12.827,1.7180000000000002
1830-07-01,14.942,1.839
1830-08-01,13.386,0.643
1830-09-01,10.54,1.023
1830-10-01,7.9929999999999986,1.18
1830-11-01,7.492999999999999,1.7280000000000002
1830-12-01,4.481,1.327
1831-01-01,2.182,2.217
1831-02-01,2.479,3.5410000000000004
1831-03-01,4.558,1.616
1831-04-01,7.731,0.908
1831-05-01,10.994000000000002,1.285
1831-06-01,13.203,1.882
1831-07-01,13.58,1.172
1831-08-01,12.49,0.7929999999999999
1831-09-01,9.946,0.954
1831-10-01,7.83,1.068
1831-11-01,4.412,1.358
1831-12-01,2.265,1.584
1832-01-01,1.717,1.757
1832-02-01,1.833,1.656
1832-03-01,4.65,1.374
1832-04-01,8.059,1.0590000000000002
1832-05-01,10.489,1.252
1832-06-01,12.857,1.126
1832-07-01,13.727,2.067
1832-08-01,11.966,1.3090000000000002
1832-09-01,10.425999999999998,1.194
1832-10-01,8.634,0.983
1832-11-01,4.2620000000000005,1.914
1832-12-01,0.7819999999999996,2.794
1833-01-01,2.006,1.76
1833-02-01,2.815,1.354
1833-03-01,4.521,1.367
1833-04-01,7.869,1.0759999999999998
1833-05-01,10.581,0.961
1833-06-01,13.049,0.883
1833-07-01,13.803,1.42
1833-08-01,13.222,0.835
1833-09-01,11.236,0.8190000000000001
1833-10-01,7.899999999999999,1.108
1833-11-01,6.596,1.388
1833-12-01,2.5580000000000003,1.831
1834-01-01,0.3340000000000001,2.032
1834-02-01,2.329,1.483
1834-03-01,5.736000000000001,1.28
1834-04-01,8.084999999999999,1.11
1834-05-01,11.234000000000002,0.6970000000000001
1834-06-01,12.799,0.7609999999999999
1834-07-01,14.197,1.186
1834-08-01,13.412,0.866
1834-09-01,11.571,0.731
1834-10-01,8.616999999999999,0.773
1834-11-01,6.355,1.849
1834-12-01,3.092,1.0590000000000002
1835-01-01,2.551,1.755
1835-02-01,2.967,1.464
1835-03-01,4.507,1.136
1835-04-01,7.768999999999999,1.079
1835-05-01,10.171,1.4469999999999998
1835-06-01,12.007,0.992
1835-07-01,13.129,0.693
1835-08-01,12.322,0.805
1835-09-01,9.942,0.925
1835-10-01,7.834999999999999,1.021
1835-11-01,4.312,1.419
1835-12-01,1.198,2.568
1836-01-01,1.67,1.6980000000000002
1836-02-01,2.371,1.611
1836-03-01,5.448,1.208
1836-04-01,7.314999999999999,0.983
1836-05-01,10.279000000000002,1.297
1836-06-01,12.549,0.893
1836-07-01,13.646,0.6
1836-08-01,12.83,1.362
1836-09-01,10.812,0.975
1836-10-01,8.756,1.131
1836-11-01,3.814,1.192
1836-12-01,2.86,1.083
1837-01-01,1.94,2.033
1837-02-01,2.619,1.893
1837-03-01,3.865,1.3259999999999998
1837-04-01,6.555999999999999,1.017
1837-05-01,9.973,1.574
1837-06-01,12.099,0.7979999999999999
1837-07-01,13.526,1.618
1837-08-01,13.018,1.224
1837-09-01,10.805,0.664
1837-10-01,7.653,0.851
1837-11-01,4.1690000000000005,1.307
1837-12-01,2.285,1.186
1838-01-01,-0.5569999999999999,1.999
1838-02-01,1.5630000000000002,1.622
1838-03-01,3.723,1.472
1838-04-01,7.382999999999999,1.339
1838-05-01,9.985,0.8220000000000001
1838-06-01,12.742,0.631
1838-07-01,14.367,0.884
1838-08-01,13.568,0.986
1838-09-01,11.106,0.889
1838-10-01,8.526,1.021
1838-11-01,5.16,1.044
1838-12-01,2.613,1.239
1839-01-01,2.156,1.681
1839-02-01,3.482,1.546
1839-03-01,2.673,1.493
1839-04-01,7.891999999999999,0.92
1839-05-01,10.289,0.68
1839-06-01,12.548,0.8390000000000001
1839-07-01,14.411,0.942
1839-08-01,14.07,1.296
1839-09-01,10.853,0.7140000000000001
1839-10-01,8.219,0.972
1839-11-01,3.92,1.4509999999999998
1839-12-01,1.0739999999999998,1.619
1840-01-01,2.5610000000000004,1.4680000000000002
1840-02-01,2.1020000000000003,1.561
1840-03-01,4.04,1.469
1840-04-01,7.943,0.7759999999999999
1840-05-01,11.173,0.698
1840-06-01,13.411,1.028
1840-07-01,14.714,0.462
1840-08-01,13.086,0.936
1840-09-01,11.01,0.586
1840-10-01,7.505,0.853
1840-11-01,4.101,0.982
1840-12-01,1.909,1.075
1841-01-01,0.6490000000000002,1.761
1841-02-01,2.468,1.602
1841-03-01,3.307,1.324
1841-04-01,6.77,0.942
1841-05-01,10.764,0.573
1841-06-01,13.062,0.64
1841-07-01,14.552,0.737
1841-08-01,13.708,0.7490000000000001
1841-09-01,10.921,0.583
1841-10-01,8.764999999999999,0.654
1841-11-01,4.744,0.878
1841-12-01,2.548,0.981
1842-01-01,1.636,1.64
1842-02-01,2.787,1.56
1842-03-01,5.75,1.164
1842-04-01,8.309999999999999,0.76
1842-05-01,10.535,0.643
1842-06-01,12.629,0.6609999999999999
1842-07-01,13.584,0.509
1842-08-01,13.241,0.642
1842-09-01,10.94,0.677
1842-10-01,8.307,0.759
1842-11-01,4.824,0.792
1842-12-01,3.73,0.963
1843-01-01,2.974,1.212
1843-02-01,3.92,1.045
1843-03-01,4.744,0.88
1843-04-01,7.829999999999999,0.691
1843-05-01,10.04,0.636
1843-06-01,12.53,0.523
1843-07-01,13.991,0.545
1843-08-01,13.295,0.564
1843-09-01,11.326,0.534
1843-10-01,8.722000000000001,0.596
1843-11-01,4.947,0.775
1843-12-01,3.765,0.997
1844-01-01,1.868,1.17
1844-02-01,2.0380000000000003,1.137
1844-03-01,4.734,0.999
1844-04-01,7.3889999999999985,0.81
1844-05-01,10.109,0.648
1844-06-01,12.84,0.7240000000000001
1844-07-01,13.921,0.605
1844-08-01,13.046,0.6920000000000001
1844-09-01,10.819,0.8170000000000001
1844-10-01,8.7,0.919
1844-11-01,4.401,1.327
1844-12-01,1.891,1.264
1845-01-01,2.661,1.364
1845-02-01,1.6269999999999998,1.226
1845-03-01,4.651,0.882
1845-04-01,8.158,0.731
1845-05-01,10.433,0.772
1845-06-01,12.863,0.631
1845-07-01,14.319,0.725
1845-08-01,13.556,0.561
1845-09-01,11.234000000000002,0.536
1845-10-01,7.781999999999999,0.652
1845-11-01,5.194,1.155
1845-12-01,1.7359999999999998,1.3430000000000002
1846-01-01,3.213,1.47
1846-02-01,3.3760000000000003,1.177
1846-03-01,6.314,1.031
1846-04-01,7.472999999999999,1.729
1846-05-01,10.896,0.8440000000000001
1846-06-01,13.53,1.143
1846-07-01,14.923,0.737
1846-08-01,14.121,0.765
1846-09-01,11.738,0.716
1846-10-01,8.229,0.8759999999999999
1846-11-01,5.0440000000000005,1.039
1846-12-01,3.776,1.094
1847-01-01,2.753,1.269
1847-02-01,3.602,1.383
1847-03-01,4.046,1.5830000000000002
1847-04-01,7.979999999999999,0.998
1847-05-01,10.622,0.752
1847-06-01,12.828,0.428
1847-07-01,14.25,0.6
1847-08-01,13.414,0.657
1847-09-01,11.619000000000002,0.528
1847-10-01,8.618,0.8440000000000001
1847-11-01,5.574,0.778
1847-12-01,1.7259999999999998,0.988
1848-01-01,0.5100000000000002,1.341
1848-02-01,3.726,1.4369999999999998
1848-03-01,4.806,0.967
1848-04-01,8.11,1.054
1848-05-01,10.579999999999998,0.584
1848-06-01,13.247,0.583
1848-07-01,14.466,0.613
1848-08-01,13.268,0.7090000000000001
1848-09-01,10.997,0.623
1848-10-01,8.655,0.8370000000000001
1848-11-01,5.29,0.748
1848-12-01,2.099,0.96
1849-01-01,1.941,1.308
1849-02-01,2.638,1.345
1849-03-01,5.3020000000000005,1.06
1849-04-01,7.028,0.845
1849-05-01,10.159,0.644
1849-06-01,13.0,0.659
1849-07-01,14.458,0.6779999999999999
1849-08-01,13.603,0.902
1849-09-01,11.093,0.568
1849-10-01,8.889999999999997,0.733
1849-11-01,5.7780000000000005,1.3130000000000002
1849-12-01,1.923,0.908
1850-01-01,0.7490000000000001,1.105
1850-02-01,3.071,1.275
1850-03-01,4.954,0.955
1850-04-01,7.217,0.665
1850-05-01,10.004,0.617
1850-06-01,13.15,0.614
1850-07-01,14.492,0.614
1850-08-01,14.039,0.802
1850-09-01,11.505,0.675
1850-10-01,8.091000000000001,0.863
1850-11-01,4.7330000000000005,1.149
1850-12-01,2.803,1.183
1851-01-01,2.431,1.122
1851-02-01,2.508,1.1
1851-03-01,4.192,0.971
1851-04-01,7.286999999999999,0.8290000000000001
1851-05-01,11.113,0.936
1851-06-01,13.418,0.655
1851-07-01,14.531,0.606
1851-08-01,13.751,0.775
1851-09-01,11.677,0.581
1851-10-01,9.122,1.058
1851-11-01,4.973,0.968
1851-12-01,3.14,0.982
1852-01-01,2.3760000000000003,1.389
1852-02-01,2.54,1.115
1852-03-01,3.884,0.915
1852-04-01,7.486999999999999,1.158
1852-05-01,11.169,0.855
1852-06-01,13.164,0.636
1852-07-01,14.512,0.778
1852-08-01,13.304,0.7659999999999999
1852-09-01,11.478,0.6890000000000001
1852-10-01,8.91,0.654
1852-11-01,4.593,0.693
1852-12-01,3.785,1.371
1853-01-01,1.786,1.108
1853-02-01,2.228,1.492
1853-03-01,4.078,0.918
1853-04-01,7.540999999999999,0.8240000000000001
1853-05-01,10.975,0.743
1853-06-01,13.41,0.674
1853-07-01,14.645,0.659
1853-08-01,13.953,0.723
1853-09-01,11.71,0.7490000000000001
1853-10-01,8.535,0.546
1853-11-01,4.783,0.868
1853-12-01,2.858,0.716
1854-01-01,1.281,0.977
1854-02-01,1.941,1.08
1854-03-01,4.698,0.789
1854-04-01,7.622000000000001,0.674
1854-05-01,11.095,0.638
1854-06-01,12.829,0.5329999999999999
1854-07-01,14.692,0.85
1854-08-01,13.889,0.898
1854-09-01,11.514,0.552
1854-10-01,9.763,0.964
1854-11-01,5.745,0.7859999999999999
1854-12-01,3.457,1.167
1855-01-01,2.522,1.465
1855-02-01,2.982,1.3219999999999998
1855-03-01,4.617,0.898
1855-04-01,8.58,1.034
1855-05-01,11.186,0.799
1855-06-01,12.984000000000002,0.79
1855-07-01,13.925999999999998,0.635
1855-08-01,13.547,0.601
1855-09-01,11.140999999999998,0.638
1855-10-01,8.443999999999999,0.778
1855-11-01,5.186,0.69
1855-12-01,2.214,0.996
1856-01-01,2.76,0.752
1856-02-01,2.226,0.953
1856-03-01,4.372,0.735
1856-04-01,7.750999999999999,0.57
1856-05-01,10.53,0.915
1856-06-01,13.496,0.778
1856-07-01,14.019,0.422
1856-08-01,13.021,0.866
1856-09-01,10.948,0.884
1856-10-01,8.087,0.759
1856-11-01,5.36,0.5770000000000001
1856-12-01,3.381,0.918
1857-01-01,1.821,0.924
1857-02-01,2.481,0.885
1857-03-01,4.312,0.8440000000000001
1857-04-01,6.826999999999999,0.5429999999999999
1857-05-01,9.885,0.6809999999999999
1857-06-01,12.611,0.7979999999999999
1857-07-01,13.953,0.792
1857-08-01,13.203,0.795
1857-09-01,11.056,0.672
1857-10-01,8.198,0.726
1857-11-01,5.236000000000001,0.636
1857-12-01,3.515,0.7170000000000001
1858-01-01,2.739,1.094
1858-02-01,2.2840000000000003,0.662
1858-03-01,4.834,0.757
1858-04-01,8.25,0.6609999999999999
1858-05-01,10.851,0.624
1858-06-01,12.956,0.688
1858-07-01,13.677,0.754
1858-08-01,13.22,0.5579999999999999
1858-09-01,11.148,0.517
1858-10-01,8.809999999999997,0.62
1858-11-01,5.99,0.774
1858-12-01,2.444,0.688
1859-01-01,2.015,1.007
1859-02-01,2.611,1.0
1859-03-01,5.023,0.916
1859-04-01,8.542,0.617
1859-05-01,11.456,0.616
1859-06-01,13.142,0.514
1859-07-01,13.827,0.5670000000000001
1859-08-01,13.217,0.468
1859-09-01,11.079999999999998,0.365
1859-10-01,8.834,0.638
1859-11-01,5.912000000000001,0.5720000000000001
1859-12-01,3.365,0.816
1860-01-01,2.077,0.86
1860-02-01,2.632,0.75
1860-03-01,3.494,0.87
1860-04-01,7.76,0.46
1860-05-01,11.062,0.7440000000000001
1860-06-01,13.271999999999998,0.5479999999999999
1860-07-01,14.203,0.471
1860-08-01,13.765,0.503
1860-09-01,11.892,0.535
1860-10-01,8.712,0.466
1860-11-01,5.027,0.555
1860-12-01,1.634,0.75
1861-01-01,0.4040000000000004,0.846
1861-02-01,2.137,0.755
1861-03-01,4.489,0.759
1861-04-01,7.486999999999999,0.6990000000000001
1861-05-01,10.515999999999998,0.5379999999999999
1861-06-01,13.017,0.7979999999999999
1861-07-01,13.967,0.477
1861-08-01,13.656,0.5760000000000001
1861-09-01,11.409,0.501
1861-10-01,8.475,0.494
1861-11-01,5.707000000000001,0.482
1861-12-01,2.894,0.916
1862-01-01,0.685,1.105
1862-02-01,1.769,0.7120000000000001
1862-03-01,4.485,0.6609999999999999
1862-04-01,7.322999999999999,0.8270000000000001
1862-05-01,10.739,0.58
1862-06-01,12.86,0.535
1862-07-01,13.928,0.445
1862-08-01,13.188,0.504
1862-09-01,11.028,0.519
1862-10-01,8.283,0.618
1862-11-01,4.792,0.7509999999999999
1862-12-01,1.6230000000000002,1.01
1863-01-01,3.0340000000000003,1.228
1863-02-01,3.253,1.099
1863-03-01,4.682,0.7829999999999999
1863-04-01,7.930999999999999,0.792
1863-05-01,11.081,0.687
1863-06-01,12.794,0.542
1863-07-01,13.765,0.642
1863-08-01,13.294,0.523
1863-09-01,11.23,0.556
1863-10-01,8.235,0.521
1863-11-01,5.392,0.515
1863-12-01,2.651,1.088
1864-01-01,1.551,0.8759999999999999
1864-02-01,2.506,1.05
1864-03-01,4.651,0.767
1864-04-01,7.515,0.622
1864-05-01,10.956,0.531
1864-06-01,13.365,0.73
1864-07-01,14.162,0.57
1864-08-01,13.434,0.5660000000000001
1864-09-01,11.37,0.546
1864-10-01,8.795,0.484
1864-11-01,5.232,0.6990000000000001
1864-12-01,2.266,0.6759999999999999
1865-01-01,2.975,0.956
1865-02-01,2.152,0.8320000000000001
1865-03-01,4.039,0.768
1865-04-01,7.313999999999999,0.643
1865-05-01,10.917,0.488
1865-06-01,13.214,0.586
1865-07-01,14.22,0.542
1865-08-01,13.58,0.535
1865-09-01,11.797,0.5539999999999999
1865-10-01,9.136,0.444
1865-11-01,6.144,0.71
1865-12-01,2.6460000000000004,0.888
1866-01-01,2.932,0.861
1866-02-01,2.274,0.8540000000000001
1866-03-01,4.421,0.711
1866-04-01,7.914,0.531
1866-05-01,10.898,0.5660000000000001
1866-06-01,12.853,0.4320000000000001
1866-07-01,14.602,0.44
1866-08-01,13.532,0.629
1866-09-01,11.527,0.496
1866-10-01,8.506,0.512
1866-11-01,5.8950000000000005,0.526
1866-12-01,4.152,0.7140000000000001
1867-01-01,2.482,0.941
1867-02-01,2.664,0.936
1867-03-01,4.4540000000000015,0.65
1867-04-01,8.258,0.611
1867-05-01,10.495,0.414
1867-06-01,13.303,0.482
1867-07-01,14.223,0.401
1867-08-01,13.505999999999998,0.417
1867-09-01,11.763,0.458
1867-10-01,9.212,0.479
1867-11-01,6.939,0.784
1867-12-01,3.937,1.045
1868-01-01,1.834,0.795
1868-02-01,2.039,0.8490000000000001
1868-03-01,4.538,0.578
1868-04-01,8.183,0.493
1868-05-01,11.308,0.494
1868-06-01,13.162,0.375
1868-07-01,14.514,0.431
1868-08-01,13.744000000000002,0.552
1868-09-01,11.669,0.418
1868-10-01,9.448,0.428
1868-11-01,5.192,0.504
1868-12-01,3.344,0.639
1869-01-01,2.115,1.028
1869-02-01,3.864,0.82
1869-03-01,4.3740000000000006,0.631
1869-04-01,7.9209999999999985,0.758
1869-05-01,11.295,0.642
1869-06-01,13.537,0.532
1869-07-01,14.337,0.449
1869-08-01,14.01,0.4370000000000001
1869-09-01,12.247,0.382
1869-10-01,9.006,0.456
1869-11-01,5.773,0.499
1869-12-01,2.7060000000000004,0.514
1870-01-01,2.082,0.8079999999999999
1870-02-01,2.1340000000000003,0.7040000000000001
1870-03-01,4.656000000000001,0.568
1870-04-01,7.879,0.524
1870-05-01,11.339,0.579
1870-06-01,13.653,0.486
1870-07-01,14.599,0.4
1870-08-01,13.484000000000002,0.411
1870-09-01,11.952,0.412
1870-10-01,8.809999999999997,0.542
1870-11-01,5.6,0.529
1870-12-01,2.228,0.639
1871-01-01,1.4469999999999998,0.7929999999999999
1871-02-01,1.736,0.94
1871-03-01,4.6850000000000005,0.649
1871-04-01,8.34,0.461
1871-05-01,10.787999999999998,0.451
1871-06-01,13.08,0.392
1871-07-01,14.29,0.382
1871-08-01,13.932,0.449
1871-09-01,11.711,0.516
1871-10-01,9.096,0.412
1871-11-01,5.113,0.825
1871-12-01,3.1630000000000003,0.573
1872-01-01,1.652,0.996
1872-02-01,2.35,0.856
1872-03-01,4.922,0.611
1872-04-01,7.845999999999999,0.5379999999999999
1872-05-01,11.198,0.503
1872-06-01,13.055,0.434
1872-07-01,14.285,0.478
1872-08-01,13.821,0.485
1872-09-01,11.957999999999998,0.368
1872-10-01,9.24,0.394
1872-11-01,5.372000000000001,0.493
1872-12-01,2.627,0.913
1873-01-01,2.013,0.706
1873-02-01,3.195,0.7490000000000001
1873-03-01,4.704,0.696
1873-04-01,7.462000000000001,0.616
1873-05-01,11.005999999999998,0.42
1873-06-01,13.405,0.495
1873-07-01,14.287,0.407
1873-08-01,13.755,0.438
1873-09-01,11.486999999999998,0.436
1873-10-01,9.234,0.4320000000000001
1873-11-01,5.819,0.545
1873-12-01,3.846,0.6659999999999999
1874-01-01,2.685,0.825
1874-02-01,3.069,0.7240000000000001
1874-03-01,4.221,0.5920000000000001
1874-04-01,8.231,0.39
1874-05-01,11.306,0.411
1874-06-01,13.306,0.467
1874-07-01,14.122,0.419
1874-08-01,13.815,0.382
1874-09-01,12.111,0.366
1874-10-01,9.12,0.475
1874-11-01,5.809,0.626
1874-12-01,3.407,0.5379999999999999
1875-01-01,1.533,0.672
1875-02-01,2.259,0.718
1875-03-01,4.256,0.461
1875-04-01,7.635999999999999,0.38
1875-05-01,10.746,0.376
1875-06-01,13.157,0.418
1875-07-01,14.144,0.397
1875-08-01,13.401,0.433
1875-09-01,11.319,0.394
1875-10-01,8.584999999999999,0.39
1875-11-01,4.614,0.366
1875-12-01,2.665,0.413
1876-01-01,1.856,0.503
1876-02-01,2.617,0.505
1876-03-01,4.748,0.515
1876-04-01,8.199,0.412
1876-05-01,10.69,0.513
1876-06-01,13.130999999999998,0.28
1876-07-01,14.319,0.369
1876-08-01,13.481,0.407
1876-09-01,11.687,0.377
1876-10-01,8.946,0.327
1876-11-01,5.093,0.414
1876-12-01,2.194,0.58
1877-01-01,2.286,0.708
1877-02-01,2.928,0.584
1877-03-01,5.297000000000001,0.487
1877-04-01,8.039,0.429
1877-05-01,11.056,0.4
1877-06-01,13.384,0.464
1877-07-01,14.642,0.402
1877-08-01,14.151,0.383
1877-09-01,12.075,0.418
1877-10-01,9.273,0.273
1877-11-01,6.348,0.479
1877-12-01,2.9960000000000004,0.444
1878-01-01,2.0170000000000003,0.461
1878-02-01,3.728,0.563
1878-03-01,6.6080000000000005,0.477
1878-04-01,8.899,0.431
1878-05-01,11.017,0.419
1878-06-01,13.796,0.38
1878-07-01,14.742,0.378
1878-08-01,14.094,0.465
1878-09-01,12.093,0.375
1878-10-01,9.173,0.306
1878-11-01,6.446000000000001,0.429
1878-12-01,3.344,0.415
1879-01-01,2.303,0.6579999999999999
1879-02-01,2.737,0.672
1879-03-01,4.924,0.461
1879-04-01,7.767999999999999,0.458
1879-05-01,10.803,0.388
1879-06-01,13.23,0.459
1879-07-01,14.238,0.379
1879-08-01,13.245,0.426
1879-09-01,11.449000000000002,0.357
1879-10-01,9.229,0.331
1879-11-01,5.526,0.376
1879-12-01,2.5380000000000003,0.596
1880-01-01,1.755,0.5720000000000001
1880-02-01,2.052,0.491
1880-03-01,4.63,0.468
1880-04-01,7.558999999999998,0.456
1880-05-01,11.095999999999998,0.389
1880-06-01,13.327,0.436
1880-07-01,14.140999999999998,0.396
1880-08-01,13.807,0.384
1880-09-01,11.386,0.289
1880-10-01,8.673,0.296
1880-11-01,5.893,0.386
1880-12-01,3.1060000000000003,0.416
1881-01-01,2.4610000000000003,0.634
1881-02-01,2.6260000000000003,0.595
1881-03-01,5.01,0.52
1881-04-01,8.322999999999999,0.362
1881-05-01,11.165,0.406
1881-06-01,12.745,0.357
1881-07-01,14.203,0.344
1881-08-01,13.71,0.376
1881-09-01,11.689,0.287
1881-10-01,8.850999999999997,0.315
1881-11-01,5.272,0.397
1881-12-01,3.196,0.439
1882-01-01,2.99,0.486
1882-02-01,3.2310000000000003,0.4270000000000001
1882-03-01,5.04,0.498
1882-04-01,7.690999999999999,0.369
1882-05-01,10.888,0.337
1882-06-01,12.805,0.298
1882-07-01,13.747,0.334
1882-08-01,13.703,0.433
1882-09-01,11.736,0.287
1882-10-01,8.445,0.327
1882-11-01,5.066,0.359
1882-12-01,2.205,0.404
1883-01-01,1.4600000000000002,0.53
1883-02-01,1.856,0.498
1883-03-01,4.928999999999999,0.421
1883-04-01,7.690999999999999,0.424
1883-05-01,10.832,0.354
1883-06-01,13.302,0.294
1883-07-01,14.011,0.355
1883-08-01,13.224,0.34
1883-09-01,11.343,0.327
1883-10-01,8.908999999999997,0.249
1883-11-01,4.905,0.293
1883-12-01,3.261,0.363
1884-01-01,2.12,0.472
1884-02-01,2.474,0.486
1884-03-01,3.892,0.476
1884-04-01,7.185999999999999,0.311
1884-05-01,10.198,0.353
1884-06-01,12.527,0.382
1884-07-01,13.622,0.375
1884-08-01,13.257,0.41
1884-09-01,11.235,0.392
1884-10-01,8.581,0.307
1884-11-01,5.164,0.383
1884-12-01,3.028,0.408
1885-01-01,1.003,0.664
1885-02-01,2.2430000000000003,0.578
1885-03-01,4.622,0.381
1885-04-01,7.3359999999999985,0.398
1885-05-01,10.567,0.391
1885-06-01,12.716,0.304
1885-07-01,13.972,0.369
1885-08-01,13.351,0.445
1885-09-01,11.435,0.365
1885-10-01,8.722000000000001,0.347
1885-11-01,5.425,0.377
1885-12-01,3.644,0.481
1886-01-01,1.436,0.545
1886-02-01,1.793,0.453
1886-03-01,4.2620000000000005,0.346
1886-04-01,7.909,0.299
1886-05-01,10.784,0.468
1886-06-01,12.789,0.318
1886-07-01,14.226,0.354
1886-08-01,13.323,0.369
1886-09-01,11.6,0.3229999999999999
1886-10-01,8.604,0.355
1886-11-01,5.226,0.353
1886-12-01,3.502,0.449
1887-01-01,0.8240000000000001,0.568
1887-02-01,2.0540000000000003,0.464
1887-03-01,4.552,0.433
1887-04-01,7.789,0.333
1887-05-01,10.84,0.396
1887-06-01,12.89,0.327
1887-07-01,14.021,0.343
1887-08-01,13.097,0.358
1887-09-01,11.707,0.378
1887-10-01,8.738,0.263
1887-11-01,5.5920000000000005,0.382
1887-12-01,2.875,0.46
1888-01-01,1.7080000000000002,0.375
1888-02-01,2.039,0.456
1888-03-01,4.3,0.401
1888-04-01,7.845,0.429
1888-05-01,10.62,0.389
1888-06-01,12.921,0.395
1888-07-01,14.242,0.321
1888-08-01,13.511,0.436
1888-09-01,11.685,0.344
1888-10-01,9.201,0.286
1888-11-01,5.792000000000001,0.361
1888-12-01,3.222,0.396
1889-01-01,1.7619999999999998,0.458
1889-02-01,3.409,0.399
1889-03-01,5.299,0.419
1889-04-01,8.588999999999999,0.332
1889-05-01,11.242,0.3720000000000001
1889-06-01,13.288,0.275
1889-07-01,14.225,0.327
1889-08-01,13.504,0.383
1889-09-01,11.547,0.339
1889-10-01,8.865,0.282
1889-11-01,4.9990000000000006,0.44
1889-12-01,3.099,0.412
1890-01-01,1.836,0.401
1890-02-01,2.516,0.373
1890-03-01,4.21,0.377
1890-04-01,7.738999999999999,0.357
1890-05-01,10.464,0.373
1890-06-01,12.872,0.352
1890-07-01,14.034,0.354
1890-08-01,13.265999999999998,0.352
1890-09-01,11.546,0.324
1890-10-01,9.178,0.238
1890-11-01,5.03,0.273
1890-12-01,2.969,0.342
1891-01-01,1.6780000000000002,0.351
1891-02-01,1.88,0.398
1891-03-01,4.755,0.331
1891-04-01,7.6179999999999986,0.284
1891-05-01,10.785,0.388
1891-06-01,12.888,0.253
1891-07-01,13.93,0.338
1891-08-01,13.496,0.365
1891-09-01,11.763,0.264
1891-10-01,8.722000000000001,0.281
1891-11-01,5.115,0.353
1891-12-01,3.602,0.418
1892-01-01,2.018,0.399
1892-02-01,2.805,0.326
1892-03-01,4.362,0.39
1892-04-01,7.5619999999999985,0.301
1892-05-01,10.622,0.36
1892-06-01,13.263,0.279
1892-07-01,13.89,0.328
1892-08-01,13.42,0.353
1892-09-01,11.764,0.26
1892-10-01,9.29,0.268
1892-11-01,4.859,0.331
1892-12-01,2.935,0.471
1893-01-01,0.5,0.488
1893-02-01,1.654,0.365
1893-03-01,4.979,0.4
1893-04-01,7.994,0.294
1893-05-01,10.747,0.365
1893-06-01,13.050999999999998,0.287
1893-07-01,14.318,0.339
1893-08-01,13.454,0.3670000000000001
1893-09-01,11.767,0.295
1893-10-01,9.16,0.263
1893-11-01,5.902,0.281
1893-12-01,3.155,0.399
1894-01-01,1.6909999999999998,0.3720000000000001
1894-02-01,2.923,0.354
1894-03-01,5.118,0.398
1894-04-01,7.6629999999999985,0.355
1894-05-01,10.944,0.293
1894-06-01,12.858,0.276
1894-07-01,14.004,0.311
1894-08-01,13.488,0.364
1894-09-01,11.579999999999998,0.279
1894-10-01,9.125,0.223
1894-11-01,5.405,0.282
1894-12-01,3.133,0.3
1895-01-01,1.2950000000000002,0.28
1895-02-01,2.0,0.329
1895-03-01,4.689,0.318
1895-04-01,8.247,0.285
1895-05-01,10.867,0.321
1895-06-01,13.058,0.266
1895-07-01,14.053,0.312
1895-08-01,13.489,0.36
1895-09-01,11.743,0.294
1895-10-01,9.117,0.224
1895-11-01,5.744,0.268
1895-12-01,3.462,0.334
1896-01-01,2.291,0.392
1896-02-01,2.707,0.288
1896-03-01,4.279,0.302
1896-04-01,7.329999999999999,0.347
1896-05-01,10.893,0.339
1896-06-01,13.303999999999998,0.267
1896-07-01,14.233,0.328
1896-08-01,13.624,0.369
1896-09-01,11.824000000000002,0.277
1896-10-01,9.416,0.229
1896-11-01,5.3660000000000005,0.296
1896-12-01,3.312,0.272
1897-01-01,1.893,0.36
1897-02-01,2.4290000000000003,0.281
1897-03-01,4.345,0.29
1897-04-01,8.277999999999999,0.277
1897-05-01,11.377,0.306
1897-06-01,13.319,0.355
1897-07-01,14.31,0.37
1897-08-01,13.668,0.392
1897-09-01,11.925,0.254
1897-10-01,9.197,0.251
1897-11-01,5.6080000000000005,0.349
1897-12-01,3.1710000000000003,0.281
1898-01-01,2.737,0.31
1898-02-01,2.354,0.314
1898-03-01,3.751,0.271
1898-04-01,7.906999999999999,0.337
1898-05-01,10.835,0.306
1898-06-01,13.395,0.421
1898-07-01,14.138,0.3670000000000001
1898-08-01,13.579,0.414
1898-09-01,11.752999999999998,0.322
1898-10-01,8.828,0.247
1898-11-01,5.452000000000001,0.274
1898-12-01,3.407,0.325
1899-01-01,2.515,0.326
1899-02-01,2.38,0.42
1899-03-01,4.618,0.293
1899-04-01,8.280999999999999,0.345
1899-05-01,11.023,0.31
1899-06-01,12.856,0.29
1899-07-01,14.159,0.333
1899-08-01,13.777,0.394
1899-09-01,12.127999999999998,0.282
1899-10-01,9.409,0.252
1899-11-01,6.605,0.31
1899-12-01,3.005,0.342
1900-01-01,1.461,0.276
1900-02-01,3.0980000000000003,0.416
1900-03-01,5.492000000000001,0.261
1900-04-01,8.222999999999999,0.292
1900-05-01,11.385,0.357
1900-06-01,13.293,0.282
1900-07-01,14.171,0.345
1900-08-01,13.816,0.383
1900-09-01,11.955,0.293
1900-10-01,9.666,0.255
1900-11-01,5.803999999999999,0.276
1900-12-01,3.655,0.341
1901-01-01,2.1910000000000003,0.291
1901-02-01,3.092,0.418
1901-03-01,5.671,0.251
1901-04-01,8.522,0.326
1901-05-01,11.178,0.339
1901-06-01,13.423,0.283
1901-07-01,14.339,0.35
1901-08-01,13.789,0.343
1901-09-01,11.984000000000002,0.305
1901-10-01,9.003,0.239
1901-11-01,5.976,0.263
1901-12-01,3.335,0.267
1902-01-01,2.684,0.256
1902-02-01,3.606,0.354
1902-03-01,4.883,0.228
1902-04-01,7.955999999999999,0.321
1902-05-01,10.893,0.341
1902-06-01,13.214,0.264
1902-07-01,14.231,0.356
1902-08-01,13.599,0.357
1902-09-01,11.799,0.289
1902-10-01,8.801,0.21
1902-11-01,5.274,0.267
1902-12-01,2.713,0.27
1903-01-01,2.514,0.224
1903-02-01,3.555,0.247
1903-03-01,4.93,0.212
1903-04-01,7.831999999999999,0.292
1903-05-01,10.794,0.305
1903-06-01,12.886,0.268
1903-07-01,13.992,0.366
1903-08-01,13.412,0.377
1903-09-01,11.501,0.36
1903-10-01,8.812000000000001,0.202
1903-11-01,5.516,0.268
1903-12-01,2.898,0.359
1904-01-01,1.6369999999999998,0.387
1904-02-01,2.297,0.348
1904-03-01,4.506,0.268
1904-04-01,7.683999999999998,0.284
1904-05-01,10.84,0.287
1904-06-01,13.014,0.248
1904-07-01,13.836,0.296
1904-08-01,13.459,0.327
1904-09-01,11.380999999999998,0.265
1904-10-01,8.833,0.212
1904-11-01,6.23,0.224
1904-12-01,3.374,0.291
1905-01-01,2.254,0.345
1905-02-01,1.927,0.303
1905-03-01,4.635,0.235
1905-04-01,7.754999999999999,0.255
1905-05-01,10.982,0.28
1905-06-01,13.112,0.264
1905-07-01,14.077,0.307
1905-08-01,13.578,0.327
1905-09-01,11.803999999999998,0.252
1905-10-01,9.041,0.239
1905-11-01,6.183,0.282
1905-12-01,3.354,0.256
1906-01-01,2.068,0.313
1906-02-01,2.301,0.3229999999999999
1906-03-01,4.8660000000000005,0.2
1906-04-01,8.626,0.242
1906-05-01,11.239999999999998,0.29
1906-06-01,13.334,0.289
1906-07-01,14.122,0.3229999999999999
1906-08-01,13.691,0.34
1906-09-01,11.771999999999998,0.237
1906-10-01,9.267,0.182
1906-11-01,5.501,0.192
1906-12-01,3.761,0.368
1907-01-01,1.798,0.274
1907-02-01,2.117,0.268
1907-03-01,4.575,0.209
1907-04-01,7.579,0.263
1907-05-01,10.375,0.28
1907-06-01,12.729,0.267
1907-07-01,13.769,0.307
1907-08-01,13.362,0.326
1907-09-01,11.665,0.243
1907-10-01,9.234,0.191
1907-11-01,5.207000000000001,0.207
1907-12-01,2.9560000000000004,0.251
1908-01-01,2.3040000000000003,0.252
1908-02-01,2.769,0.269
1908-03-01,4.136,0.317
1908-04-01,7.831999999999999,0.295
1908-05-01,11.140999999999998,0.285
1908-06-01,13.293,0.248
1908-07-01,14.197,0.303
1908-08-01,13.376,0.336
1908-09-01,11.977,0.252
1908-10-01,8.865,0.209
1908-11-01,5.272,0.221
1908-12-01,3.071,0.31
1909-01-01,1.395,0.314
1909-02-01,2.7060000000000004,0.273
1909-03-01,4.589,0.249
1909-04-01,7.534,0.269
1909-05-01,10.611,0.3
1909-06-01,12.962,0.232
1909-07-01,14.06,0.299
1909-08-01,13.752,0.319
1909-09-01,11.879,0.237
1909-10-01,9.192,0.178
1909-11-01,6.236000000000001,0.205
1909-12-01,3.2230000000000003,0.278
1910-01-01,2.333,0.24
1910-02-01,2.779,0.273
1910-03-01,4.606,0.213
1910-04-01,8.104999999999999,0.252
1910-05-01,11.005,0.31
1910-06-01,13.151,0.232
1910-07-01,14.279000000000002,0.322
1910-08-01,13.677,0.321
1910-09-01,11.733,0.243
1910-10-01,9.006,0.203
1910-11-01,5.318,0.223
1910-12-01,2.684,0.289
1911-01-01,1.66,0.33
1911-02-01,2.4530000000000003,0.214
1911-03-01,4.347,0.199
1911-04-01,7.989999999999998,0.248
1911-05-01,10.829,0.279
1911-06-01,13.009,0.231
1911-07-01,14.082,0.292
1911-08-01,13.499,0.329
1911-09-01,11.638,0.233
1911-10-01,9.263,0.193
1911-11-01,5.964,0.184
1911-12-01,3.39,0.242
1912-01-01,2.402,0.309
1912-02-01,3.354,0.251
1912-03-01,4.356,0.226
1912-04-01,8.229,0.262
1912-05-01,11.254,0.308
1912-06-01,13.435,0.25
1912-07-01,13.723,0.293
1912-08-01,13.053,0.318
1912-09-01,11.222,0.252
1912-10-01,8.366999999999999,0.201
1912-11-01,5.521,0.188
1912-12-01,3.069,0.243
1913-01-01,2.083,0.295
1913-02-01,2.376,0.295
1913-03-01,4.517,0.219
1913-04-01,8.023,0.246
1913-05-01,10.745,0.288
1913-06-01,13.005,0.266
1913-07-01,14.137,0.298
1913-08-01,13.724,0.325
1913-09-01,11.759,0.237
1913-10-01,9.077,0.194
1913-11-01,6.024,0.213
1913-12-01,4.103,0.271
1914-01-01,3.3760000000000003,0.307
1914-02-01,3.2,0.225
1914-03-01,4.942,0.221
1914-04-01,8.097999999999999,0.244
1914-05-01,11.284999999999998,0.284
1914-06-01,13.496,0.233
1914-07-01,14.298,0.307
1914-08-01,13.73,0.318
1914-09-01,11.915,0.23
1914-10-01,9.387,0.183
1914-11-01,5.759,0.195
1914-12-01,3.6,0.276
1915-01-01,2.299,0.246
1915-02-01,3.265,0.261
1915-03-01,5.143,0.209
1915-04-01,8.705,0.251
1915-05-01,11.493,0.286
1915-06-01,13.3,0.249
1915-07-01,14.443,0.295
1915-08-01,13.77,0.326
1915-09-01,11.867,0.259
1915-10-01,8.984,0.19
1915-11-01,6.216,0.185
1915-12-01,3.633,0.197
1916-01-01,2.616,0.242
1916-02-01,2.957,0.264
1916-03-01,4.846,0.307
1916-04-01,8.046999999999999,0.257
1916-05-01,10.972,0.294
1916-06-01,12.942,0.232
1916-07-01,14.052,0.301
1916-08-01,13.58,0.3229999999999999
1916-09-01,11.726,0.247
1916-10-01,9.053,0.218
1916-11-01,5.596,0.214
1916-12-01,2.316,0.226
1917-01-01,2.133,0.252
1917-02-01,2.36,0.314
1917-03-01,4.488,0.231
1917-04-01,7.854999999999999,0.272
1917-05-01,10.443,0.294
1917-06-01,12.915,0.243
1917-07-01,14.259,0.296
1917-08-01,13.470999999999998,0.319
1917-09-01,11.745,0.242
1917-10-01,8.544,0.173
1917-11-01,5.82,0.226
1917-12-01,2.247,0.266
1918-01-01,1.934,0.251
1918-02-01,2.455,0.342
1918-03-01,4.811,0.257
1918-04-01,7.643999999999999,0.258
1918-05-01,10.54,0.304
1918-06-01,12.908,0.242
1918-07-01,14.002,0.301
1918-08-01,13.431,0.329
1918-09-01,11.880999999999998,0.256
1918-10-01,9.433,0.209
1918-11-01,5.683,0.225
1918-12-01,2.8480000000000003,0.245
1919-01-01,2.184,0.252
1919-02-01,2.852,0.285
1919-03-01,4.743,0.27
1919-04-01,8.487,0.292
1919-05-01,10.969,0.286
1919-06-01,13.228,0.241
1919-07-01,14.274,0.299
1919-08-01,13.786,0.335
1919-09-01,11.989999999999998,0.25
1919-10-01,9.361,0.216
1919-11-01,5.489,0.23
1919-12-01,3.224,0.245
1920-01-01,2.841,0.25
1920-02-01,2.755,0.268
1920-03-01,5.227,0.231
1920-04-01,8.293,0.272
1920-05-01,11.130999999999998,0.31
1920-06-01,13.105,0.245
1920-07-01,14.245,0.305
1920-08-01,13.698,0.343
1920-09-01,11.794,0.258
1920-10-01,9.021,0.212
1920-11-01,5.566,0.229
1920-12-01,2.629,0.229
1921-01-01,2.98,0.32
1921-02-01,3.125,0.236
1921-03-01,5.081,0.276
1921-04-01,8.324,0.262
1921-05-01,11.245,0.282
1921-06-01,13.44,0.239
1921-07-01,14.436,0.302
1921-08-01,13.561,0.326
1921-09-01,11.869000000000002,0.24
1921-10-01,9.264,0.188
1921-11-01,5.864,0.198
1921-12-01,3.663,0.213
1922-01-01,2.15,0.214
1922-02-01,2.376,0.271
1922-03-01,5.156000000000001,0.223
1922-04-01,8.379999999999999,0.276
1922-05-01,11.097,0.285
1922-06-01,13.331,0.241
1922-07-01,14.278,0.306
1922-08-01,13.584,0.333
1922-09-01,11.775,0.255
1922-10-01,9.056,0.219
1922-11-01,6.046,0.246
1922-12-01,3.667,0.234
1923-01-01,2.487,0.276
1923-02-01,2.563,0.262
1923-03-01,4.8660000000000005,0.226
1923-04-01,7.749,0.24
1923-05-01,10.848999999999998,0.292
1923-06-01,13.296,0.259
1923-07-01,13.984000000000002,0.3
1923-08-01,13.611,0.34
1923-09-01,11.883,0.256
1923-10-01,9.52,0.191
1923-11-01,6.377999999999999,0.179
1923-12-01,3.88,0.216
1924-01-01,2.339,0.29
1924-02-01,2.888,0.288
1924-03-01,5.352,0.208
1924-04-01,7.97,0.267
1924-05-01,11.188,0.298
1924-06-01,13.342,0.241
1924-07-01,14.304,0.307
1924-08-01,13.654000000000002,0.326
1924-09-01,11.957,0.232
1924-10-01,9.203,0.182
1924-11-01,6.4,0.2
1924-12-01,3.485,0.243
1925-01-01,2.268,0.228
1925-02-01,2.701,0.236
1925-03-01,5.126,0.224
1925-04-01,8.442,0.244
1925-05-01,11.039,0.286
1925-06-01,13.089,0.22
1925-07-01,14.066,0.3
1925-08-01,13.769,0.32
1925-09-01,11.979,0.235
1925-10-01,9.196,0.193
1925-11-01,6.34,0.196
1925-12-01,4.398,0.207
1926-01-01,3.4530000000000003,0.258
1926-02-01,3.717,0.211
1926-03-01,5.831,0.178
1926-04-01,8.193,0.259
1926-05-01,10.931,0.295
1926-06-01,13.285,0.231
1926-07-01,14.168,0.287
1926-08-01,13.877,0.321
1926-09-01,12.075,0.242
1926-10-01,9.55,0.2
1926-11-01,6.3,0.208
1926-12-01,3.366,0.222
1927-01-01,2.372,0.268
1927-02-01,3.039,0.244
1927-03-01,4.668,0.223
1927-04-01,8.035,0.239
1927-05-01,11.104,0.297
1927-06-01,13.271999999999998,0.23
1927-07-01,14.323,0.302
1927-08-01,13.698,0.34
1927-09-01,12.254,0.24
1927-10-01,9.887,0.2
1927-11-01,6.346,0.192
1927-12-01,3.267,0.212
1928-01-01,3.0460000000000003,0.211
1928-02-01,3.333,0.241
1928-03-01,4.959,0.191
1928-04-01,8.244,0.276
1928-05-01,11.169,0.321
1928-06-01,13.113,0.238
1928-07-01,14.31,0.297
1928-08-01,13.687,0.327
1928-09-01,12.03,0.235
1928-10-01,9.486,0.193
1928-11-01,6.336,0.231
1928-12-01,3.873,0.222
1929-01-01,2.0540000000000003,0.289
1929-02-01,2.172,0.229
1929-03-01,5.099,0.191
1929-04-01,8.094,0.265
1929-05-01,10.915,0.294
1929-06-01,12.928,0.232
1929-07-01,13.957,0.314
1929-08-01,13.68,0.33
1929-09-01,11.807,0.255
1929-10-01,9.46,0.195
1929-11-01,6.172000000000001,0.207
1929-12-01,2.571,0.22
1930-01-01,2.401,0.226
1930-02-01,3.152,0.236
1930-03-01,5.483,0.191
1930-04-01,8.181999999999999,0.242
1930-05-01,11.105,0.292
1930-06-01,13.347,0.231
1930-07-01,14.465,0.301
1930-08-01,13.928,0.327
1930-09-01,11.874,0.247
1930-10-01,9.261,0.187
1930-11-01,6.574,0.202
1930-12-01,3.831,0.194
1931-01-01,2.761,0.225
1931-02-01,2.708,0.224
1931-03-01,5.22,0.186
1931-04-01,8.163,0.234
1931-05-01,11.02,0.281
1931-06-01,13.573,0.24
1931-07-01,14.576,0.302
1931-08-01,14.12,0.33
1931-09-01,12.283,0.25
1931-10-01,9.937,0.197
1931-11-01,6.242999999999999,0.198
1931-12-01,4.027,0.186
1932-01-01,3.604,0.223
1932-02-01,2.989,0.221
1932-03-01,4.94,0.204
1932-04-01,8.769,0.263
1932-05-01,11.239,0.3
1932-06-01,13.383,0.257
1932-07-01,14.372,0.306
1932-08-01,13.74,0.331
1932-09-01,12.31,0.268
1932-10-01,9.682,0.232
1932-11-01,5.908,0.186
1932-12-01,3.527,0.196
1933-01-01,2.169,0.226
1933-02-01,2.657,0.21
1933-03-01,4.869,0.185
1933-04-01,8.125,0.272
1933-05-01,11.047,0.288
1933-06-01,13.11,0.241
1933-07-01,14.236,0.3
1933-08-01,13.76,0.321
1933-09-01,11.854,0.244
1933-10-01,9.238,0.232
1933-11-01,5.89,0.201
1933-12-01,3.104,0.192
1934-01-01,2.476,0.231
1934-02-01,3.699,0.251
1934-03-01,4.8180000000000005,0.201
1934-04-01,8.016,0.259
1934-05-01,11.478,0.276
1934-06-01,13.402,0.24
1934-07-01,14.343,0.296
1934-08-01,13.778,0.322
1934-09-01,11.727,0.238
1934-10-01,9.421,0.192
1934-11-01,6.397,0.182
1934-12-01,3.985,0.193
1935-01-01,2.1750000000000003,0.204
1935-02-01,4.125,0.217
1935-03-01,5.399,0.187
1935-04-01,7.770999999999999,0.256
1935-05-01,10.906,0.277
1935-06-01,13.326,0.23
1935-07-01,14.331,0.292
1935-08-01,13.775,0.332
1935-09-01,11.999,0.239
1935-10-01,9.516,0.198
1935-11-01,5.443,0.191
1935-12-01,3.423,0.208
1936-01-01,2.249,0.221
1936-02-01,2.506,0.236
1936-03-01,5.031000000000001,0.194
1936-04-01,8.126999999999999,0.258
1936-05-01,11.251,0.279
1936-06-01,13.363,0.243
1936-07-01,14.629,0.299
1936-08-01,13.86,0.325
1936-09-01,12.021,0.246
1936-10-01,9.457,0.22
1936-11-01,6.2330000000000005,0.188
1936-12-01,3.921,0.208
1937-01-01,2.4530000000000003,0.196
1937-02-01,3.553,0.22
1937-03-01,4.851,0.219
1937-04-01,8.139999999999999,0.242
1937-05-01,11.422,0.288
1937-06-01,13.603,0.236
1937-07-01,14.375,0.298
1937-08-01,14.007,0.325
1937-09-01,12.412999999999998,0.247
1937-10-01,9.729,0.2
1937-11-01,6.356,0.199
1937-12-01,3.478,0.211
1938-01-01,2.91,0.194
1938-02-01,3.417,0.225
1938-03-01,5.651,0.192
1938-04-01,8.913,0.249
1938-05-01,11.456,0.297
1938-06-01,13.321,0.238
1938-07-01,14.482,0.295
1938-08-01,13.963,0.325
1938-09-01,12.427,0.249
1938-10-01,9.784,0.194
1938-11-01,6.53,0.215
1938-12-01,3.51,0.213
1939-01-01,2.932,0.198
1939-02-01,3.232,0.201
1939-03-01,4.926,0.196
1939-04-01,8.328,0.252
1939-05-01,11.524,0.298
1939-06-01,13.531,0.256
1939-07-01,14.395,0.291
1939-08-01,13.932,0.324
1939-09-01,11.957999999999998,0.247
1939-10-01,9.218,0.185
1939-11-01,6.189,0.194
1939-12-01,4.959,0.206
1940-01-01,2.335,0.2
1940-02-01,3.423,0.204
1940-03-01,5.424,0.18
1940-04-01,8.756,0.247
1940-05-01,11.338,0.296
1940-06-01,13.583,0.231
1940-07-01,14.571,0.295
1940-08-01,13.811,0.3229999999999999
1940-09-01,12.268,0.234
1940-10-01,9.457,0.187
1940-11-01,6.0760000000000005,0.186
1940-12-01,4.134,0.19
1941-01-01,2.7350000000000003,0.199
1941-02-01,3.67,0.202
1941-03-01,5.212999999999999,0.186
1941-04-01,8.575,0.24
1941-05-01,11.493,0.282
1941-06-01,13.63,0.232
1941-07-01,14.694,0.291
1941-08-01,14.028,0.322
1941-09-01,11.816,0.232
1941-10-01,9.71,0.175
1941-11-01,5.952999999999999,0.181
1941-12-01,3.707,0.192
1942-01-01,3.103,0.221
1942-02-01,2.857,0.204
1942-03-01,5.308,0.186
1942-04-01,8.415999999999999,0.238
1942-05-01,11.338,0.281
1942-06-01,13.578,0.22
1942-07-01,14.242,0.293
1942-08-01,13.786,0.318
1942-09-01,12.146,0.233
1942-10-01,9.627,0.186
1942-11-01,6.3950000000000005,0.184
1942-12-01,3.945,0.19
1943-01-01,2.396,0.195
1943-02-01,3.513,0.199
1943-03-01,5.138,0.184
1943-04-01,8.638,0.243
1943-05-01,11.485,0.277
1943-06-01,13.161,0.23
1943-07-01,14.46,0.3
1943-08-01,13.774,0.313
1943-09-01,12.095999999999998,0.227
1943-10-01,9.907,0.176
1943-11-01,6.26,0.188
1943-12-01,4.2330000000000005,0.187
1944-01-01,3.504,0.185
1944-02-01,3.591,0.222
1944-03-01,5.531000000000001,0.205
1944-04-01,8.434,0.243
1944-05-01,11.334,0.275
1944-06-01,13.478,0.222
1944-07-01,14.468,0.284
1944-08-01,14.017,0.308
1944-09-01,12.45,0.229
1944-10-01,9.808,0.17
1944-11-01,6.091,0.178
1944-12-01,3.434,0.181
1945-01-01,2.525,0.186
1945-02-01,2.6460000000000004,0.194
1945-03-01,5.184,0.171
1945-04-01,8.681000000000001,0.236
1945-05-01,11.097,0.269
1945-06-01,13.328,0.231
1945-07-01,14.213,0.287
1945-08-01,14.313,0.317
1945-09-01,12.225,0.227
1945-10-01,9.575,0.171
1945-11-01,6.073,0.172
1945-12-01,3.158,0.183
1946-01-01,2.979,0.188
1946-02-01,3.4610000000000003,0.206
1946-03-01,5.236000000000001,0.171
1946-04-01,8.837,0.223
1946-05-01,11.355,0.273
1946-06-01,13.298,0.237
1946-07-01,14.409,0.289
1946-08-01,13.834,0.319
1946-09-01,12.064,0.233
1946-10-01,9.281,0.17
1946-11-01,6.235,0.179
1946-12-01,3.134,0.181
1947-01-01,2.597,0.184
1947-02-01,3.277,0.191
1947-03-01,5.801,0.183
1947-04-01,8.686,0.227
1947-05-01,11.329,0.266
1947-06-01,13.459,0.216
1947-07-01,14.349,0.284
1947-08-01,13.827,0.305
1947-09-01,12.166,0.221
1947-10-01,10.011,0.1639999999999999
1947-11-01,6.407,0.187
1947-12-01,3.656,0.177
1948-01-01,3.366,0.18
1948-02-01,3.22,0.198
1948-03-01,4.9190000000000005,0.161
1948-04-01,8.498999999999999,0.215
1948-05-01,11.537,0.257
1948-06-01,13.664,0.214
1948-07-01,14.445,0.276
1948-08-01,13.896,0.298
1948-09-01,12.155,0.22
1948-10-01,9.584,0.1669999999999999
1948-11-01,6.1850000000000005,0.162
1948-12-01,3.491,0.1669999999999999
1949-01-01,3.2190000000000003,0.17
1949-02-01,2.759,0.185
1949-03-01,5.077,0.177
1949-04-01,8.344,0.226
1949-05-01,11.309,0.255
1949-06-01,13.223,0.209
1949-07-01,14.199000000000002,0.27
1949-08-01,13.826,0.295
1949-09-01,11.957,0.212
1949-10-01,9.531,0.158
1949-11-01,6.148,0.1639999999999999
1949-12-01,3.449,0.178
1950-01-01,2.008,0.173
1950-02-01,2.721,0.182
1950-03-01,5.247000000000001,0.15
1950-04-01,8.123,0.192
1950-05-01,11.297,0.217
1950-06-01,13.382,0.196
1950-07-01,14.14,0.239
1950-08-01,13.46,0.228
1950-09-01,11.952,0.204
1950-10-01,9.153,0.1639999999999999
1950-11-01,5.372000000000001,0.139
1950-12-01,3.528,0.152
1951-01-01,2.138,0.132
1951-02-01,2.332,0.149
1951-03-01,5.091,0.141
1951-04-01,8.366999999999999,0.175
1951-05-01,11.438,0.23
1951-06-01,13.25,0.238
1951-07-01,14.324000000000002,0.24
1951-08-01,14.021,0.251
1951-09-01,12.324000000000002,0.216
1951-10-01,9.67,0.123
1951-11-01,6.2250000000000005,0.161
1951-12-01,4.327999999999999,0.154
1952-01-01,3.049,0.144
1952-02-01,3.3960000000000004,0.18
1952-03-01,4.9670000000000005,0.168
1952-04-01,8.461,0.225
1952-05-01,11.352,0.264
1952-06-01,13.442,0.218
1952-07-01,14.549,0.276
1952-08-01,13.964,0.302
1952-09-01,12.238,0.22
1952-10-01,9.157,0.166
1952-11-01,5.425,0.168
1952-12-01,3.659,0.174
1953-01-01,2.964,0.166
1953-02-01,3.629,0.187
1953-03-01,5.712000000000001,0.161
1953-04-01,8.892000000000001,0.228
1953-05-01,11.514,0.264
1953-06-01,13.612,0.216
1953-07-01,14.392,0.284
1953-08-01,14.059,0.305
1953-09-01,12.199000000000002,0.223
1953-10-01,9.59,0.161
1953-11-01,5.924,0.168
1953-12-01,3.998,0.182
1954-01-01,2.059,0.148
1954-02-01,3.084,0.182
1954-03-01,5.148,0.18
1954-04-01,8.158,0.218
1954-05-01,10.988,0.217
1954-06-01,13.4,0.187
1954-07-01,14.241,0.228
1954-08-01,13.868,0.248
1954-09-01,12.098,0.204
1954-10-01,9.546,0.144
1954-11-01,6.579,0.143
1954-12-01,3.559,0.147
1955-01-01,3.412,0.152
1955-02-01,3.137,0.141
1955-03-01,4.585,0.121
1955-04-01,8.136000000000001,0.16
1955-05-01,11.191999999999998,0.209
1955-06-01,13.56,0.148
1955-07-01,14.242,0.177
1955-08-01,14.283,0.216
1955-09-01,11.954,0.162
1955-10-01,9.735,0.107
1955-11-01,5.973,0.135
1955-12-01,3.306,0.115
1956-01-01,2.466,0.099
1956-02-01,2.781,0.168
1956-03-01,4.888999999999999,0.109
1956-04-01,7.922000000000001,0.144
1956-05-01,10.720999999999998,0.195
1956-06-01,13.16,0.089
1956-07-01,14.18,0.093
1956-08-01,13.189,0.0819999999999999
1956-09-01,11.783,0.135
1956-10-01,8.927999999999997,0.093
1956-11-01,5.738,0.134
1956-12-01,3.5980000000000003,0.109
1957-01-01,2.488,0.1
1957-02-01,3.12,0.108
1957-03-01,5.0360000000000005,0.085
1957-04-01,8.366,0.187
1957-05-01,11.259,0.138
1957-06-01,13.783,0.193
1957-07-01,14.129,0.204
1957-08-01,14.082,0.252
1957-09-01,12.312,0.301
1957-10-01,9.496,0.1369999999999999
1957-11-01,6.391,0.104
1957-12-01,4.327999999999999,0.087
1958-01-01,3.5740000000000003,0.114
1958-02-01,3.695,0.173
1958-03-01,5.452999999999999,0.084
1958-04-01,8.52,0.103
1958-05-01,11.518999999999998,0.089
1958-06-01,13.187,0.106
1958-07-01,14.438,0.199
1958-08-01,13.597,0.0819999999999999
1958-09-01,11.845,0.072
1958-10-01,9.375,0.092
1958-11-01,6.26,0.06
1958-12-01,3.822,0.078
1959-01-01,2.959,0.077
1959-02-01,3.33,0.126
1959-03-01,5.854,0.199
1959-04-01,8.818999999999997,0.179
1959-05-01,11.323,0.062
1959-06-01,13.577,0.063
1959-07-01,14.449000000000002,0.131
1959-08-01,13.853,0.084
1959-09-01,11.946,0.118
1959-10-01,9.16,0.115
1959-11-01,5.752000000000001,0.077
1959-12-01,3.77,0.055
1960-01-01,2.713,0.086
1960-02-01,3.798,0.125
1960-03-01,4.303,0.077
1960-04-01,8.133,0.088
1960-05-01,10.872,0.156
1960-06-01,13.484000000000002,0.08
1960-07-01,14.198,0.072
1960-08-01,13.825,0.079
1960-09-01,12.095,0.099
1960-10-01,9.497,0.063
1960-11-01,5.827999999999999,0.141
1960-12-01,4.259,0.056
1961-01-01,2.926,0.089
1961-02-01,3.683,0.125
1961-03-01,5.589,0.049
1961-04-01,8.631,0.116
1961-05-01,11.624,0.104
1961-06-01,13.702,0.154
1961-07-01,14.288,0.079
1961-08-01,13.849,0.142
1961-09-01,12.247,0.069
1961-10-01,9.328,0.138
1961-11-01,6.205,0.06
1961-12-01,3.5,0.039
1962-01-01,3.003,0.075
1962-02-01,3.696,0.064
1962-03-01,5.53,0.128
1962-04-01,8.54,0.178
1962-05-01,11.128,0.062
1962-06-01,13.427,0.267
1962-07-01,14.205,0.074
1962-08-01,13.713,0.103
1962-09-01,12.018,0.255
1962-10-01,9.468,0.202
1962-11-01,6.283,0.119
1962-12-01,3.94,0.068
1963-01-01,2.901,0.08
1963-02-01,4.02,0.108
1963-03-01,5.097,0.102
1963-04-01,8.173,0.058
1963-05-01,11.045,0.102
1963-06-01,13.412,0.097
1963-07-01,14.505999999999998,0.098
1963-08-01,14.309,0.061
1963-09-01,12.555,0.126
1963-10-01,9.943,0.099
1963-11-01,6.561,0.095
1963-12-01,3.75,0.0819999999999999
1964-01-01,2.881,0.171
1964-02-01,3.028,0.116
1964-03-01,4.865,0.076
1964-04-01,7.922000000000001,0.077
1964-05-01,10.905,0.084
1964-06-01,13.459,0.068
1964-07-01,14.300999999999998,0.125
1964-08-01,13.678,0.178
1964-09-01,11.604,0.065
1964-10-01,8.831999999999997,0.063
1964-11-01,5.9830000000000005,0.041
1964-12-01,3.458,0.046
1965-01-01,2.862,0.069
1965-02-01,3.036,0.084
1965-03-01,5.182,0.125
1965-04-01,7.989999999999998,0.078
1965-05-01,11.222,0.174
1965-06-01,13.308,0.223
1965-07-01,14.078,0.139
1965-08-01,13.807,0.086
1965-09-01,11.73,0.083
1965-10-01,9.488,0.07
1965-11-01,5.86,0.076
1965-12-01,3.766,0.099
1966-01-01,2.49,0.059
1966-02-01,3.29,0.111
1966-03-01,5.527,0.125
1966-04-01,8.161,0.068
1966-05-01,11.2,0.064
1966-06-01,13.587,0.161
1966-07-01,14.569,0.112
1966-08-01,13.731,0.101
1966-09-01,12.133,0.107
1966-10-01,9.153,0.073
1966-11-01,5.968999999999999,0.074
1966-12-01,3.382,0.052
1967-01-01,2.71,0.07
1967-02-01,2.905,0.126
1967-03-01,5.396,0.079
1967-04-01,8.458,0.11
1967-05-01,11.632,0.077
1967-06-01,13.194,0.071
1967-07-01,14.331,0.1689999999999999
1967-08-01,13.821,0.107
1967-09-01,12.053999999999998,0.058
1967-10-01,9.809,0.045
1967-11-01,6.176,0.042
1967-12-01,3.915,0.05
1968-01-01,2.353,0.094
1968-02-01,3.245,0.124
1968-03-01,6.117000000000001,0.069
1968-04-01,8.455,0.143
1968-05-01,11.068,0.111
1968-06-01,13.204,0.187
1968-07-01,14.026,0.089
1968-08-01,13.524,0.08
1968-09-01,11.62,0.19
1968-10-01,9.453,0.138
1968-11-01,5.891,0.062
1968-12-01,3.24,0.053
1969-01-01,1.966,0.053
1969-02-01,2.45,0.092
1969-03-01,5.131,0.106
1969-04-01,8.575999999999999,0.125
1969-05-01,11.354,0.077
1969-06-01,13.475,0.119
1969-07-01,14.218,0.109
1969-08-01,13.804,0.08
1969-09-01,12.048,0.057
1969-10-01,9.489,0.065
1969-11-01,6.42,0.053
1969-12-01,4.21,0.086
1970-01-01,2.8360000000000003,0.084
1970-02-01,3.735,0.0819999999999999
1970-03-01,5.272,0.114
1970-04-01,8.603,0.066
1970-05-01,11.206,0.099
1970-06-01,13.513,0.086
1970-07-01,14.395,0.1
1970-08-01,13.658,0.062
1970-09-01,12.277,0.063
1970-10-01,9.348,0.042
1970-11-01,6.047000000000001,0.059
1970-12-01,3.5210000000000004,0.05
1971-01-01,2.967,0.101
1971-02-01,2.867,0.17
1971-03-01,5.001,0.063
1971-04-01,8.338999999999999,0.067
1971-05-01,11.211,0.112
1971-06-01,13.099,0.104
1971-07-01,14.139,0.106
1971-08-01,13.879,0.076
1971-09-01,12.139,0.129
1971-10-01,9.388,0.106
1971-11-01,6.295,0.076
1971-12-01,3.867,0.065
1972-01-01,1.882,0.086
1972-02-01,2.609,0.105
1972-03-01,5.287000000000001,0.05
1972-04-01,8.337,0.067
1972-05-01,11.155,0.091
1972-06-01,13.501,0.113
1972-07-01,14.231,0.118
1972-08-01,14.171,0.096
1972-09-01,11.901,0.126
1972-10-01,9.346,0.141
1972-11-01,5.7970000000000015,0.079
1972-12-01,3.778,0.072
